Duration (s),Seed,Predicted,Error,CI Lower,CI Upper
30,2593.4,0.5961406711454191,0.23373385719133405,0.4360750929353744,0.7618428000636926
60,2593.4,0.7549960103909454,0.07487851794580787,0.5865515449666766,0.9029276942890387
90,2593.4,0.8201831035675186,0.02492068461421859,0.6796357526956454,0.9441261707202784
120,2593.4,0.8635529787917843,0.033678450455031,0.7573554857306605,0.9579197464231493
150,2593.4,0.8866816403501693,0.05680711201341606,0.7879523776131642,0.9683254497383007
180,2593.4,0.8982262192135089,0.06835169087675574,0.8138723510573012,0.9655691829804137
210,2593.4,0.9029815107624504,0.07310698242569717,0.8247540707297368,0.9649491330020282
240,2593.4,0.9006039768415611,0.07072944850480797,0.8299534894361388,0.9541539174490079
