Duration (s),Seed,Predicted,Error,CI Lower,CI Upper,Predicted_SD,Error_SD,CI_Lower_SD,CI_Upper_SD
30,2118.2,0.7667693743087529,0.11783217751909927,0.5785923660160532,0.9423207536212252,0.04558242963225621,0.04343104086509933,0.04615036797592298,0.049363093430701104
60,2118.2,0.9309919045790647,0.05205183824524921,0.7647744621354473,0.9999,0.0419511150313271,0.029907081081387298,0.0440533679890838,0.0
90,2118.2,0.9782258247488027,0.09362427292095049,0.843556433546808,0.9999,0.026059796577956693,0.023018469601839956,0.03686927034626128,0.0
120,2118.2,0.9951090173406488,0.11050746551279658,0.9147212206135544,0.9999,0.009493616550480744,0.010686799341025564,0.028910846486922312,0.0
150,2118.2,0.9979054995892369,0.11330394776138471,0.9375619282598342,0.9999,0.006307164092152988,0.009577816338368253,0.03840744685732859,0.0
180,2118.2,0.9987556584012054,0.11415410657335334,0.9606498930256067,0.9999,0.0036187258734692988,0.009278530884426645,0.028180037721797658,0.0
210,2118.2,0.9987788651544619,0.11417731332660983,0.972769571250091,0.9999,0.0035453396760812845,0.009281151149272956,0.01959166583727095,0.0
240,2118.2,0.9995406221082204,0.11493907028036823,0.9759671694392142,0.9999,0.0011364526787331726,0.009680681496041402,0.022191225568524413,0.0
