seed,adf_rejection_rate,mean_window_corr,icc_2_1
42,0.000000,0.648262,-0.159023
123,0.000000,0.665463,-0.156286
777,0.000816,0.683894,-0.158807
2026,0.000816,0.646351,-0.163446
9999,0.000816,0.673975,-0.163454
